{"cameraMode":{"drawMode":0,"name":"Shaded","section":"Shading Mode"},"sceneLighting":false,"audioPlay":false,"sceneViewState":{"m_AlwaysRefresh":false,"showFog":true,"showSkybox":false,"showFlares":true,"showImageEffects":true,"showParticleSystems":true,"showVisualEffectGraphs":true,"m_FxEnabled":true},"in2DMode":false,"pivot":{"x":0.7386513948440552,"y":-0.032252609729766849,"z":1.382988452911377},"rotation":{"x":0.0023700264282524587,"y":0.9795449376106262,"z":0.011450497433543206,"w":-0.200576514005661},"size":0.7592101097106934,"orthographic":false}