{"cameraMode":{"drawMode":0,"name":"Shaded","section":"Shading Mode"},"sceneLighting":false,"audioPlay":false,"sceneViewState":{"m_AlwaysRefresh":false,"showFog":true,"showSkybox":false,"showFlares":true,"showImageEffects":true,"showParticleSystems":true,"showVisualEffectGraphs":true,"m_FxEnabled":true},"in2DMode":false,"pivot":{"x":-0.47007009387016299,"y":2.4585211277008058,"z":2.2440779209136965},"rotation":{"x":-0.01953231729567051,"y":-0.9773550629615784,"z":0.10294903069734574,"w":-0.18331177532672883},"size":1.2247447967529297,"orthographic":false}