{"cameraMode":{"drawMode":0,"name":"Shaded","section":"Shading Mode"},"sceneLighting":false,"audioPlay":false,"sceneViewState":{"m_AlwaysRefresh":false,"showFog":true,"showSkybox":false,"showFlares":true,"showImageEffects":true,"showParticleSystems":true,"showVisualEffectGraphs":true,"m_FxEnabled":true},"in2DMode":false,"pivot":{"x":-2.5509629249572756,"y":0.29605039954185488,"z":3.0996437072753908},"rotation":{"x":-0.02060437574982643,"y":-0.791562557220459,"z":0.023873010650277139,"w":-0.6099421977996826},"size":0.7079616785049439,"orthographic":false}