{"cameraMode":{"drawMode":0,"name":"Shaded","section":"Shading Mode"},"sceneLighting":false,"audioPlay":false,"sceneViewState":{"m_AlwaysRefresh":false,"showFog":true,"showSkybox":false,"showFlares":true,"showImageEffects":true,"showParticleSystems":true,"showVisualEffectGraphs":true,"m_FxEnabled":true},"in2DMode":false,"pivot":{"x":5.67126989364624,"y":4.767104625701904,"z":10.859131813049317},"rotation":{"x":-0.004292233847081661,"y":-0.991942822933197,"z":-0.007020098622888327,"w":0.12410356849431992},"size":1.2247449159622193,"orthographic":false}