{"cameraMode":{"drawMode":0,"name":"Shaded","section":"Shading Mode"},"sceneLighting":false,"audioPlay":false,"sceneViewState":{"m_AlwaysRefresh":false,"showFog":true,"showSkybox":false,"showFlares":true,"showImageEffects":true,"showParticleSystems":true,"showVisualEffectGraphs":true,"m_FxEnabled":true},"in2DMode":false,"pivot":{"x":151.92880249023438,"y":474.2972717285156,"z":12.156463623046875},"rotation":{"x":0.0015716349007561803,"y":0.9927942752838135,"z":-0.01188225019723177,"w":0.11733748763799668},"size":70.71075439453125,"orthographic":false}